"date","dist","index_w","pop","index"
2018-01-07,"EDP",0,1085289,-0.275789099245828
2018-01-07,"ENDESA",1.25722483540316,19666538,-0.200659601332761
2018-01-07,"IBERDROLA",0.495607209761819,21074760,-0.246172502609347
2018-01-07,"NATURGY",0.291276065134922,4177851,-0.258382964788849
2018-01-07,"REPSOL",0,589235,-0.275789099245828
2018-01-14,"EDP",0,1085289,-0.275789099245828
2018-01-14,"ENDESA",0.211092643758652,19666538,-0.263174582023343
2018-01-14,"IBERDROLA",0.151530361437093,21074760,-0.266733917028
2018-01-14,"NATURGY",0,4177851,-0.275789099245828
2018-01-14,"REPSOL",0,589235,-0.275789099245828
2018-01-21,"EDP",0,1085289,-0.275789099245828
2018-01-21,"ENDESA",0.190054294253518,19666538,-0.264431796000295
2018-01-21,"IBERDROLA",0.0410161254505389,21074760,-0.273338049262831
2018-01-21,"NATURGY",0.291276065134922,4177851,-0.258382964788849
2018-01-21,"REPSOL",0,589235,-0.275789099245828
2018-01-28,"EDP",0,1085289,-0.275789099245828
2018-01-28,"ENDESA",0,19666538,-0.275789099245828
2018-01-28,"IBERDROLA",0.344076848324726,21074760,-0.255227684827175
2018-01-28,"NATURGY",0.960540957540132,4177851,-0.218388896964758
2018-01-28,"REPSOL",0,589235,-0.275789099245828
2018-02-04,"EDP",0,1085289,-0.275789099245828
2018-02-04,"ENDESA",0.401146938012171,19666538,-0.25181727877781
2018-02-04,"IBERDROLA",0.0410161254505389,21074760,-0.273338049262831
2018-02-04,"NATURGY",0.291276065134922,4177851,-0.258382964788849
2018-02-04,"REPSOL",0,589235,-0.275789099245828
2018-02-11,"EDP",0,1085289,-0.275789099245828
2018-02-11,"ENDESA",0.190054294253518,19666538,-0.264431796000295
2018-02-11,"IBERDROLA",0.605282812236059,21074760,-0.239618485606843
2018-02-11,"NATURGY",0.952746280324502,4177851,-0.21885469287422
2018-02-11,"REPSOL",0,589235,-0.275789099245828
2018-02-18,"EDP",0,1085289,-0.275789099245828
2018-02-18,"ENDESA",0.211092643758652,19666538,-0.263174582023343
2018-02-18,"IBERDROLA",0,21074760,-0.275789099245828
2018-02-18,"NATURGY",0,4177851,-0.275789099245828
2018-02-18,"REPSOL",0,589235,-0.275789099245828
2018-02-25,"EDP",0,1085289,-0.275789099245828
2018-02-25,"ENDESA",0.211092643758652,19666538,-0.263174582023343
2018-02-25,"IBERDROLA",0.347379661737548,21074760,-0.2550303146302
2018-02-25,"NATURGY",1.29127606513492,4177851,-0.198624761007443
2018-02-25,"REPSOL",0,589235,-0.275789099245828
2018-03-04,"EDP",3,1085289,-0.0965144879016086
2018-03-04,"ENDESA",0.211092643758652,19666538,-0.263174582023343
2018-03-04,"IBERDROLA",0.647137571198913,21074760,-0.237117320391519
2018-03-04,"NATURGY",0.291276065134922,4177851,-0.258382964788849
2018-03-04,"REPSOL",0,589235,-0.275789099245828
2018-03-11,"EDP",0,1085289,-0.275789099245828
2018-03-11,"ENDESA",0.623946904127203,19666538,-0.238503153000217
2018-03-11,"IBERDROLA",0.578375554454713,21074760,-0.24122641500054
2018-03-11,"NATURGY",1.25181702267505,4177851,-0.200982762507779
2018-03-11,"REPSOL",0,589235,-0.275789099245828
2018-03-18,"EDP",0,1085289,-0.275789099245828
2018-03-18,"ENDESA",0.211092643758652,19666538,-0.263174582023343
2018-03-18,"IBERDROLA",0.548106502754954,21074760,-0.243035239160284
2018-03-18,"NATURGY",0.33073510759479,4177851,-0.256024963288514
2018-03-18,"REPSOL",0,589235,-0.275789099245828
2018-03-25,"EDP",0,1085289,-0.275789099245828
2018-03-25,"ENDESA",0,19666538,-0.275789099245828
2018-03-25,"IBERDROLA",1.30566004073119,21074760,-0.197765200462574
2018-03-25,"NATURGY",1.33073510759479,4177851,-0.196266759507107
2018-03-25,"REPSOL",0,589235,-0.275789099245828
2018-04-01,"EDP",0,1085289,-0.275789099245828
2018-04-01,"ENDESA",0.591201232265689,19666538,-0.240459975532277
2018-04-01,"IBERDROLA",1.00328554156726,21074760,-0.215834557401913
2018-04-01,"NATURGY",1.92108191508026,4177851,-0.160988694683687
2018-04-01,"REPSOL",0,589235,-0.275789099245828
2018-04-08,"EDP",0,1085289,-0.275789099245828
2018-04-08,"ENDESA",0.422185287517305,19666538,-0.250560064800858
2018-04-08,"IBERDROLA",0.494718136766445,21074760,-0.246225632014581
2018-04-08,"NATURGY",0,4177851,-0.275789099245828
2018-04-08,"REPSOL",0,589235,-0.275789099245828
2018-04-15,"EDP",0,1085289,-0.275789099245828
2018-04-15,"ENDESA",0.781255526519207,19666538,-0.229102672286743
2018-04-15,"IBERDROLA",0.565277991303341,21074760,-0.242009101848379
2018-04-15,"NATURGY",1.29127606513492,4177851,-0.198624761007443
2018-04-15,"REPSOL",0,589235,-0.275789099245828
2018-04-22,"EDP",0,1085289,-0.275789099245828
2018-04-22,"ENDESA",0.404020982238969,19666538,-0.251645531057228
2018-04-22,"IBERDROLA",0,21074760,-0.275789099245828
2018-04-22,"NATURGY",0.66926489240521,4177851,-0.235795031421737
2018-04-22,"REPSOL",0,589235,-0.275789099245828
2018-04-29,"EDP",2,1085289,-0.156272691683015
2018-04-29,"ENDESA",0.401146938012171,19666538,-0.25181727877781
2018-04-29,"IBERDROLA",0.516321704256656,21074760,-0.244934641626096
2018-04-29,"NATURGY",0.873828195404767,4177851,-0.223570695874892
2018-04-29,"REPSOL",0,589235,-0.275789099245828
2018-05-06,"EDP",0,1085289,-0.275789099245828
2018-05-06,"ENDESA",0.422185287517305,19666538,-0.250560064800858
2018-05-06,"IBERDROLA",0,21074760,-0.275789099245828
2018-05-06,"NATURGY",0,4177851,-0.275789099245828
2018-05-06,"REPSOL",0,589235,-0.275789099245828
2018-05-13,"EDP",0,1085289,-0.275789099245828
2018-05-13,"ENDESA",0.211092643758652,19666538,-0.263174582023343
2018-05-13,"IBERDROLA",0.434289453355578,21074760,-0.24983674159209
2018-05-13,"NATURGY",0.960540957540132,4177851,-0.218388896964758
2018-05-13,"REPSOL",0,589235,-0.275789099245828
2018-05-20,"EDP",0,1085289,-0.275789099245828
2018-05-20,"ENDESA",0.211092643758652,19666538,-0.263174582023343
2018-05-20,"IBERDROLA",0.103069975648596,21074760,-0.269629822637275
2018-05-20,"NATURGY",0,4177851,-0.275789099245828
2018-05-20,"REPSOL",0,589235,-0.275789099245828
2018-05-27,"EDP",0,1085289,-0.275789099245828
2018-05-27,"ENDESA",0.211092643758652,19666538,-0.263174582023343
2018-05-27,"IBERDROLA",0.185102226549674,21074760,-0.264727722671281
2018-05-27,"NATURGY",0.582552130269844,4177851,-0.240976830331871
2018-05-27,"REPSOL",0,589235,-0.275789099245828
2018-06-03,"EDP",2,1085289,-0.156272691683015
2018-06-03,"ENDESA",0.190054294253518,19666538,-0.264431796000295
2018-06-03,"IBERDROLA",0.45459108431128,21074760,-0.248623552592344
2018-06-03,"NATURGY",0,4177851,-0.275789099245828
2018-06-03,"REPSOL",0,589235,-0.275789099245828
2018-06-10,"EDP",0,1085289,-0.275789099245828
2018-06-10,"ENDESA",0.401146938012171,19666538,-0.25181727877781
2018-06-10,"IBERDROLA",0.702793293968709,21074760,-0.23379143436864
2018-06-10,"NATURGY",0.582552130269844,4177851,-0.240976830331871
2018-06-10,"REPSOL",0,589235,-0.275789099245828
2018-06-17,"EDP",0,1085289,-0.275789099245828
2018-06-17,"ENDESA",0.422185287517305,19666538,-0.250560064800858
2018-06-17,"IBERDROLA",0.0410161254505389,21074760,-0.273338049262831
2018-06-17,"NATURGY",0.291276065134922,4177851,-0.258382964788849
2018-06-17,"REPSOL",0,589235,-0.275789099245828
2018-06-24,"EDP",0,1085289,-0.275789099245828
2018-06-24,"ENDESA",0.401146938012171,19666538,-0.25181727877781
2018-06-24,"IBERDROLA",0.601979998823237,21074760,-0.239815855803819
2018-06-24,"NATURGY",0.622011172729712,4177851,-0.238618828831535
2018-06-24,"REPSOL",0,589235,-0.275789099245828
2018-07-01,"EDP",0,1085289,-0.275789099245828
2018-07-01,"ENDESA",0,19666538,-0.275789099245828
2018-07-01,"IBERDROLA",0.385092973775265,21074760,-0.252776634844178
2018-07-01,"NATURGY",0.582552130269844,4177851,-0.240976830331871
2018-07-01,"REPSOL",0,589235,-0.275789099245828
2018-07-08,"EDP",0,1085289,-0.275789099245828
2018-07-08,"ENDESA",0.211092643758652,19666538,-0.263174582023343
2018-07-08,"IBERDROLA",0.38582906756708,21074760,-0.252732647201365
2018-07-08,"NATURGY",0.960540957540132,4177851,-0.218388896964758
2018-07-08,"REPSOL",0,589235,-0.275789099245828
2018-07-15,"EDP",0,1085289,-0.275789099245828
2018-07-15,"ENDESA",0,19666538,-0.275789099245828
2018-07-15,"IBERDROLA",0.7898494692229,21074760,-0.228589113707371
2018-07-15,"NATURGY",0.33073510759479,4177851,-0.256024963288514
2018-07-15,"REPSOL",0,589235,-0.275789099245828
2018-07-22,"EDP",0,1085289,-0.275789099245828
2018-07-22,"ENDESA",0.190054294253518,19666538,-0.264431796000295
2018-07-22,"IBERDROLA",0.241742966467946,21074760,-0.261342973792915
2018-07-22,"NATURGY",0,4177851,-0.275789099245828
2018-07-22,"REPSOL",0,589235,-0.275789099245828
2018-07-29,"EDP",0,1085289,-0.275789099245828
2018-07-29,"ENDESA",0.295122659616044,19666538,-0.258153099211982
2018-07-29,"IBERDROLA",0.568081487048963,21074760,-0.241841569978312
2018-07-29,"NATURGY",0,4177851,-0.275789099245828
2018-07-29,"REPSOL",0,589235,-0.275789099245828
2018-08-05,"EDP",0,1085289,-0.275789099245828
2018-08-05,"ENDESA",0.211092643758652,19666538,-0.263174582023343
2018-08-05,"IBERDROLA",0.488899043215676,21074760,-0.246573370592811
2018-08-05,"NATURGY",0.291276065134922,4177851,-0.258382964788849
2018-08-05,"REPSOL",0,589235,-0.275789099245828
2018-08-12,"EDP",0,1085289,-0.275789099245828
2018-08-12,"ENDESA",0.211092643758652,19666538,-0.263174582023343
2018-08-12,"IBERDROLA",0.151530361437093,21074760,-0.266733917028
2018-08-12,"NATURGY",0,4177851,-0.275789099245828
2018-08-12,"REPSOL",0,589235,-0.275789099245828
2018-08-19,"EDP",2,1085289,-0.156272691683015
2018-08-19,"ENDESA",0.190054294253518,19666538,-0.264431796000295
2018-08-19,"IBERDROLA",0.521734814536441,21074760,-0.244611163878905
2018-08-19,"NATURGY",1.16510426053969,4177851,-0.206164561417913
2018-08-19,"REPSOL",0,589235,-0.275789099245828
2018-08-26,"EDP",0,1085289,-0.275789099245828
2018-08-26,"ENDESA",0.422185287517305,19666538,-0.250560064800858
2018-08-26,"IBERDROLA",0.54736381339574,21074760,-0.243079620942358
2018-08-26,"NATURGY",0.787642019784813,4177851,-0.228721026920729
2018-08-26,"REPSOL",0,589235,-0.275789099245828
2018-09-02,"EDP",0,1085289,-0.275789099245828
2018-09-02,"ENDESA",0.758301206851963,19666538,-0.230474381199082
2018-09-02,"IBERDROLA",0.758064670724601,21074760,-0.230488516173183
2018-09-02,"NATURGY",0.873828195404767,4177851,-0.223570695874892
2018-09-02,"REPSOL",0,589235,-0.275789099245828
2018-09-09,"EDP",0,1085289,-0.275789099245828
2018-09-09,"ENDESA",1.05833726302006,19666538,-0.21254476541282
2018-09-09,"IBERDROLA",0.537359429004174,21074760,-0.243677464983537
2018-09-09,"NATURGY",0.291276065134922,4177851,-0.258382964788849
2018-09-09,"REPSOL",0,589235,-0.275789099245828
2018-09-16,"EDP",0,1085289,-0.275789099245828
2018-09-16,"ENDESA",0.782213600583895,19666538,-0.229045419501548
2018-09-16,"IBERDROLA",1.1827758892628,21074760,-0.205108536627528
2018-09-16,"NATURGY",1.74765639080953,4177851,-0.171352292503955
2018-09-16,"REPSOL",0,589235,-0.275789099245828
2018-09-23,"EDP",0,1085289,-0.275789099245828
2018-09-23,"ENDESA",0.612239581770823,19666538,-0.239202761555324
2018-09-23,"IBERDROLA",0.960283580928087,21074760,-0.218404277328789
2018-09-23,"NATURGY",1.37798882727029,4177851,-0.193442962097309
2018-09-23,"REPSOL",0,589235,-0.275789099245828
2018-09-30,"EDP",0,1085289,-0.275789099245828
2018-09-30,"ENDESA",0.802293876024341,19666538,-0.227845458309791
2018-09-30,"IBERDROLA",0.991950513315454,21074760,-0.216511918330053
2018-09-30,"NATURGY",0.960540957540132,4177851,-0.218388896964758
2018-09-30,"REPSOL",0,589235,-0.275789099245828
2018-10-07,"EDP",0,1085289,-0.275789099245828
2018-10-07,"ENDESA",0.633277931275957,19666538,-0.237945547578372
2018-10-07,"IBERDROLA",0.807892664020848,21074760,-0.227510884795767
2018-10-07,"NATURGY",0.622011172729712,4177851,-0.238618828831535
2018-10-07,"REPSOL",0,589235,-0.275789099245828
2018-10-14,"EDP",0,1085289,-0.275789099245828
2018-10-14,"ENDESA",0.422185287517305,19666538,-0.250560064800858
2018-10-14,"IBERDROLA",0.469377065266698,21074760,-0.247739968929302
2018-10-14,"NATURGY",0.0789180849197351,4177851,-0.271073096245157
2018-10-14,"REPSOL",0,589235,-0.275789099245828
2018-10-21,"EDP",0,1085289,-0.275789099245828
2018-10-21,"ENDESA",0.190054294253518,19666538,-0.264431796000295
2018-10-21,"IBERDROLA",0.491465762836682,21074760,-0.24641998803865
2018-10-21,"NATURGY",1.58255213026984,4177851,-0.181218626550464
2018-10-21,"REPSOL",0,589235,-0.275789099245828
2018-10-28,"EDP",3,1085289,-0.0965144879016086
2018-10-28,"ENDESA",0.802293876024341,19666538,-0.227845458309791
2018-10-28,"IBERDROLA",1.21571837591508,21074760,-0.203139952797095
2018-10-28,"NATURGY",2.58255213026984,4177851,-0.121460422769057
2018-10-28,"REPSOL",0,589235,-0.275789099245828
2018-11-04,"EDP",0,1085289,-0.275789099245828
2018-11-04,"ENDESA",0.211092643758652,19666538,-0.263174582023343
2018-11-04,"IBERDROLA",0.62683594024321,21074760,-0.238330509391265
2018-11-04,"NATURGY",1.25181702267505,4177851,-0.200982762507779
2018-11-04,"REPSOL",0,589235,-0.275789099245828
2018-11-11,"EDP",0,1085289,-0.275789099245828
2018-11-11,"ENDESA",0.401146938012171,19666538,-0.25181727877781
2018-11-11,"IBERDROLA",0.709962533381163,21074760,-0.233363013498873
2018-11-11,"NATURGY",0.66926489240521,4177851,-0.235795031421737
2018-11-11,"REPSOL",0,589235,-0.275789099245828
2018-11-18,"EDP",0,1085289,-0.275789099245828
2018-11-18,"ENDESA",0.506215303374697,19666538,-0.245538581989497
2018-11-18,"IBERDROLA",0.0588808128775844,21074760,-0.272270487631075
2018-11-18,"NATURGY",0.66926489240521,4177851,-0.235795031421737
2018-11-18,"REPSOL",0,589235,-0.275789099245828
2018-11-25,"EDP",0,1085289,-0.275789099245828
2018-11-25,"ENDESA",0.422185287517305,19666538,-0.250560064800858
2018-11-25,"IBERDROLA",0.295616462536228,21074760,-0.25812359043645
2018-11-25,"NATURGY",0.960540957540132,4177851,-0.218388896964758
2018-11-25,"REPSOL",0,589235,-0.275789099245828
2018-12-02,"EDP",0,1085289,-0.275789099245828
2018-12-02,"ENDESA",0,19666538,-0.275789099245828
2018-12-02,"IBERDROLA",0.621958399526258,21074760,-0.238621982463381
2018-12-02,"NATURGY",2.16510426053969,4177851,-0.146406357636506
2018-12-02,"REPSOL",0,589235,-0.275789099245828
2018-12-09,"EDP",0,1085289,-0.275789099245828
2018-12-09,"ENDESA",0.612239581770823,19666538,-0.239202761555324
2018-12-09,"IBERDROLA",0.154833174849915,21074760,-0.266536546831025
2018-12-09,"NATURGY",0.33073510759479,4177851,-0.256024963288514
2018-12-09,"REPSOL",0,589235,-0.275789099245828
2018-12-16,"EDP",0,1085289,-0.275789099245828
2018-12-16,"ENDESA",0.591201232265689,19666538,-0.240459975532277
2018-12-16,"IBERDROLA",0.482586753063855,21074760,-0.246950581714031
2018-12-16,"NATURGY",0,4177851,-0.275789099245828
2018-12-16,"REPSOL",0,589235,-0.275789099245828
2018-12-23,"EDP",0,1085289,-0.275789099245828
2018-12-23,"ENDESA",0.422185287517305,19666538,-0.250560064800858
2018-12-23,"IBERDROLA",0.713221977379576,21074760,-0.233168234980202
2018-12-23,"NATURGY",2.91276065134922,4177851,-0.101727754676039
2018-12-23,"REPSOL",0,589235,-0.275789099245828
2018-12-30,"EDP",0,1085289,-0.275789099245828
2018-12-30,"ENDESA",0.696269597628215,19666538,-0.234181278743964
2018-12-30,"IBERDROLA",0.796230989107349,21074760,-0.228207765541681
2018-12-30,"NATURGY",0.291276065134922,4177851,-0.258382964788849
2018-12-30,"REPSOL",0,589235,-0.275789099245828
2019-01-06,"EDP",0,1085289,-0.275789099245828
2019-01-06,"ENDESA",0.105068365362526,19666538,-0.269510402457515
2019-01-06,"IBERDROLA",0.679249206159406,21074760,-0.235198386765796
2019-01-06,"NATURGY",0.291276065134922,4177851,-0.258382964788849
2019-01-06,"REPSOL",0,589235,-0.275789099245828
2019-01-13,"EDP",0,1085289,-0.275789099245828
2019-01-13,"ENDESA",0.910236285613665,19666538,-0.221395013800896
2019-01-13,"IBERDROLA",0.596240241881758,21074760,-0.240158853368783
2019-01-13,"NATURGY",0.291276065134922,4177851,-0.258382964788849
2019-01-13,"REPSOL",0,589235,-0.275789099245828
2019-01-20,"EDP",2,1085289,-0.156272691683015
2019-01-20,"ENDESA",0.781255526519207,19666538,-0.229102672286743
2019-01-20,"IBERDROLA",0.356610988689788,21074760,-0.254478667113015
2019-01-20,"NATURGY",2.79491011048503,4177851,-0.10877029131275
2019-01-20,"REPSOL",0,589235,-0.275789099245828
2019-01-27,"EDP",0,1085289,-0.275789099245828
2019-01-27,"ENDESA",0.380108588507037,19666538,-0.253074492754762
2019-01-27,"IBERDROLA",0.295616462536228,21074760,-0.25812359043645
2019-01-27,"NATURGY",0.291276065134922,4177851,-0.258382964788849
2019-01-27,"REPSOL",0,589235,-0.275789099245828
2019-02-03,"EDP",0,1085289,-0.275789099245828
2019-02-03,"ENDESA",0.211092643758652,19666538,-0.263174582023343
2019-02-03,"IBERDROLA",0.677048801504738,21074760,-0.235329878995551
2019-02-03,"NATURGY",1.8343691529449,4177851,-0.166170493593821
2019-02-03,"REPSOL",0,589235,-0.275789099245828
2019-02-10,"EDP",0,1085289,-0.275789099245828
2019-02-10,"ENDESA",0.211092643758652,19666538,-0.263174582023343
2019-02-10,"IBERDROLA",0.498910023174641,21074760,-0.245975132412372
2019-02-10,"NATURGY",0.622011172729712,4177851,-0.238618828831535
2019-02-10,"REPSOL",4,589235,-0.036756284120202
2019-02-17,"EDP",0,1085289,-0.275789099245828
2019-02-17,"ENDESA",0.422185287517305,19666538,-0.250560064800858
2019-02-17,"IBERDROLA",0.192546486887632,21074760,-0.264282867045003
2019-02-17,"NATURGY",0.291276065134922,4177851,-0.258382964788849
2019-02-17,"REPSOL",0,589235,-0.275789099245828
2019-02-24,"EDP",0,1085289,-0.275789099245828
2019-02-24,"ENDESA",0.401146938012171,19666538,-0.25181727877781
2019-02-24,"IBERDROLA",0.216887025047972,21074760,-0.262828320205469
2019-02-24,"NATURGY",0.0394590424598675,4177851,-0.273431097745492
2019-02-24,"REPSOL",0,589235,-0.275789099245828
2019-03-03,"EDP",0,1085289,-0.275789099245828
2019-03-03,"ENDESA",0.211092643758652,19666538,-0.263174582023343
2019-03-03,"IBERDROLA",0,21074760,-0.275789099245828
2019-03-03,"NATURGY",0,4177851,-0.275789099245828
2019-03-03,"REPSOL",0,589235,-0.275789099245828
2019-03-10,"EDP",0,1085289,-0.275789099245828
2019-03-10,"ENDESA",0.380108588507037,19666538,-0.253074492754762
2019-03-10,"IBERDROLA",0.154833174849915,21074760,-0.266536546831025
2019-03-10,"NATURGY",0.33073510759479,4177851,-0.256024963288514
2019-03-10,"REPSOL",0,589235,-0.275789099245828
2019-03-17,"EDP",0,1085289,-0.275789099245828
2019-03-17,"ENDESA",0.826206269756273,19666538,-0.226416496612257
2019-03-17,"IBERDROLA",0.4375922667684,21074760,-0.249639371395115
2019-03-17,"NATURGY",0.622011172729712,4177851,-0.238618828831535
2019-03-17,"REPSOL",0,589235,-0.275789099245828
2019-03-24,"EDP",0,1085289,-0.275789099245828
2019-03-24,"ENDESA",0.211092643758652,19666538,-0.263174582023343
2019-03-24,"IBERDROLA",0.151530361437093,21074760,-0.266733917028
2019-03-24,"NATURGY",0.66926489240521,4177851,-0.235795031421737
2019-03-24,"REPSOL",0,589235,-0.275789099245828
2019-03-31,"EDP",0,1085289,-0.275789099245828
2019-03-31,"ENDESA",1.22447916354165,19666538,-0.20261642386482
2019-03-31,"IBERDROLA",1.05831848144415,21074760,-0.21254588776606
2019-03-31,"NATURGY",1.62980584994534,4177851,-0.178394829140666
2019-03-31,"REPSOL",0,589235,-0.275789099245828
2019-04-07,"EDP",0,1085289,-0.275789099245828
2019-04-07,"ENDESA",0.401146938012171,19666538,-0.25181727877781
2019-04-07,"IBERDROLA",0.688830809935677,21074760,-0.234625807334781
2019-04-07,"NATURGY",0.740388300109315,4177851,-0.231544824330527
2019-04-07,"REPSOL",0,589235,-0.275789099245828
2019-04-14,"EDP",0,1085289,-0.275789099245828
2019-04-14,"ENDESA",0.826206269756273,19666538,-0.226416496612257
2019-04-14,"IBERDROLA",0.44682359372064,21074760,-0.24908772387793
2019-04-14,"NATURGY",1.45638032567461,4177851,-0.188758426960934
2019-04-14,"REPSOL",0,589235,-0.275789099245828
2019-04-21,"EDP",0,1085289,-0.275789099245828
2019-04-21,"ENDESA",0,19666538,-0.275789099245828
2019-04-21,"IBERDROLA",0.192546486887632,21074760,-0.264282867045003
2019-04-21,"NATURGY",0.291276065134922,4177851,-0.258382964788849
2019-04-21,"REPSOL",0,589235,-0.275789099245828
2019-04-28,"EDP",0,1085289,-0.275789099245828
2019-04-28,"ENDESA",0,19666538,-0.275789099245828
2019-04-28,"IBERDROLA",0.393273327905039,21074760,-0.252287791575087
2019-04-28,"NATURGY",0.66926489240521,4177851,-0.235795031421737
2019-04-28,"REPSOL",0,589235,-0.275789099245828
2019-05-05,"EDP",0,1085289,-0.275789099245828
2019-05-05,"ENDESA",0,19666538,-0.275789099245828
2019-05-05,"IBERDROLA",0.519947747922159,21074760,-0.244717955769813
2019-05-05,"NATURGY",0.0394590424598675,4177851,-0.273431097745492
2019-05-05,"REPSOL",0,589235,-0.275789099245828
2019-05-12,"EDP",0,1085289,-0.275789099245828
2019-05-12,"ENDESA",0.802293876024341,19666538,-0.227845458309791
2019-05-12,"IBERDROLA",0.3720725170773,21074760,-0.253554713948862
2019-05-12,"NATURGY",0.291276065134922,4177851,-0.258382964788849
2019-05-12,"REPSOL",0,589235,-0.275789099245828
2019-05-19,"EDP",0,1085289,-0.275789099245828
2019-05-19,"ENDESA",0.190054294253518,19666538,-0.264431796000295
2019-05-19,"IBERDROLA",0,21074760,-0.275789099245828
2019-05-19,"NATURGY",0.66926489240521,4177851,-0.235795031421737
2019-05-19,"REPSOL",0,589235,-0.275789099245828
2019-05-26,"EDP",0,1085289,-0.275789099245828
2019-05-26,"ENDESA",0,19666538,-0.275789099245828
2019-05-26,"IBERDROLA",0.393273327905039,21074760,-0.252287791575087
2019-05-26,"NATURGY",0,4177851,-0.275789099245828
2019-05-26,"REPSOL",0,589235,-0.275789099245828
2019-06-02,"EDP",0,1085289,-0.275789099245828
2019-06-02,"ENDESA",0.633277931275957,19666538,-0.237945547578372
2019-06-02,"IBERDROLA",0.151530361437093,21074760,-0.266733917028
2019-06-02,"NATURGY",0,4177851,-0.275789099245828
2019-06-02,"REPSOL",0,589235,-0.275789099245828
2019-06-09,"EDP",0,1085289,-0.275789099245828
2019-06-09,"ENDESA",0.401146938012171,19666538,-0.25181727877781
2019-06-09,"IBERDROLA",0.696334050779226,21074760,-0.234177427139431
2019-06-09,"NATURGY",0.66926489240521,4177851,-0.235795031421737
2019-06-09,"REPSOL",0,589235,-0.275789099245828
2019-06-16,"EDP",0,1085289,-0.275789099245828
2019-06-16,"ENDESA",0.190054294253518,19666538,-0.264431796000295
2019-06-16,"IBERDROLA",0.648644776974922,21074760,-0.237027252481616
2019-06-16,"NATURGY",0,4177851,-0.275789099245828
2019-06-16,"REPSOL",0,589235,-0.275789099245828
2019-06-23,"EDP",0,1085289,-0.275789099245828
2019-06-23,"ENDESA",0.211092643758652,19666538,-0.263174582023343
2019-06-23,"IBERDROLA",0.241742966467946,21074760,-0.261342973792915
2019-06-23,"NATURGY",0,4177851,-0.275789099245828
2019-06-23,"REPSOL",0,589235,-0.275789099245828
2019-06-30,"EDP",0,1085289,-0.275789099245828
2019-06-30,"ENDESA",0.590245319232089,19666538,-0.240517099178136
2019-06-30,"IBERDROLA",0.269291987192262,21074760,-0.259696693798493
2019-06-30,"NATURGY",0,4177851,-0.275789099245828
2019-06-30,"REPSOL",0,589235,-0.275789099245828
2019-07-07,"EDP",3,1085289,-0.0965144879016086
2019-07-07,"ENDESA",0.190054294253518,19666538,-0.264431796000295
2019-07-07,"IBERDROLA",0.151530361437093,21074760,-0.266733917028
2019-07-07,"NATURGY",0,4177851,-0.275789099245828
2019-07-07,"REPSOL",0,589235,-0.275789099245828
2019-07-14,"EDP",0,1085289,-0.275789099245828
2019-07-14,"ENDESA",0.425059331744103,19666538,-0.250388317080276
2019-07-14,"IBERDROLA",0.544803689342133,21074760,-0.243232609357259
2019-07-14,"NATURGY",0,4177851,-0.275789099245828
2019-07-14,"REPSOL",0,589235,-0.275789099245828
2019-07-21,"EDP",0,1085289,-0.275789099245828
2019-07-21,"ENDESA",0.847244619261407,19666538,-0.225159282635305
2019-07-21,"IBERDROLA",0.509200674171378,21074760,-0.245360181593066
2019-07-21,"NATURGY",0,4177851,-0.275789099245828
2019-07-21,"REPSOL",0,589235,-0.275789099245828
2019-07-28,"EDP",0,1085289,-0.275789099245828
2019-07-28,"ENDESA",0.211092643758652,19666538,-0.263174582023343
2019-07-28,"IBERDROLA",0.434289453355578,21074760,-0.24983674159209
2019-07-28,"NATURGY",0.291276065134922,4177851,-0.258382964788849
2019-07-28,"REPSOL",0,589235,-0.275789099245828
2019-08-04,"EDP",0,1085289,-0.275789099245828
2019-08-04,"ENDESA",0.404020982238969,19666538,-0.251645531057228
2019-08-04,"IBERDROLA",0.195849300300454,21074760,-0.264085496848028
2019-08-04,"NATURGY",0.622011172729712,4177851,-0.238618828831535
2019-08-04,"REPSOL",0,589235,-0.275789099245828
2019-08-11,"EDP",0,1085289,-0.275789099245828
2019-08-11,"ENDESA",0.190054294253518,19666538,-0.264431796000295
2019-08-11,"IBERDROLA",0.398686438184824,21074760,-0.251964313827897
2019-08-11,"NATURGY",0.291276065134922,4177851,-0.258382964788849
2019-08-11,"REPSOL",0,589235,-0.275789099245828
2019-08-18,"EDP",0,1085289,-0.275789099245828
2019-08-18,"ENDESA",0.21396668798545,19666538,-0.263002834302761
2019-08-18,"IBERDROLA",0.192546486887632,21074760,-0.264282867045003
2019-08-18,"NATURGY",0.291276065134922,4177851,-0.258382964788849
2019-08-18,"REPSOL",0,589235,-0.275789099245828
2019-08-25,"EDP",0,1085289,-0.275789099245828
2019-08-25,"ENDESA",0.636151975502755,19666538,-0.23777379985779
2019-08-25,"IBERDROLA",0.467125224676343,21074760,-0.247874534878184
2019-08-25,"NATURGY",1.16510426053969,4177851,-0.206164561417913
2019-08-25,"REPSOL",0,589235,-0.275789099245828
2019-09-01,"EDP",0,1085289,-0.275789099245828
2019-09-01,"ENDESA",0.401146938012171,19666538,-0.25181727877781
2019-09-01,"IBERDROLA",0.303060722874187,21074760,-0.257678734810172
2019-09-01,"NATURGY",1.33852978481042,4177851,-0.195800963597645
2019-09-01,"REPSOL",0,589235,-0.275789099245828
2019-09-08,"EDP",0,1085289,-0.275789099245828
2019-09-08,"ENDESA",0.401146938012171,19666538,-0.25181727877781
2019-09-08,"IBERDROLA",0.426080581700575,21074760,-0.250327289017265
2019-09-08,"NATURGY",0.66926489240521,4177851,-0.235795031421737
2019-09-08,"REPSOL",0,589235,-0.275789099245828
2019-09-15,"EDP",0,1085289,-0.275789099245828
2019-09-15,"ENDESA",0.401146938012171,19666538,-0.25181727877781
2019-09-15,"IBERDROLA",0.144086101099135,21074760,-0.267178772654278
2019-09-15,"NATURGY",0.291276065134922,4177851,-0.258382964788849
2019-09-15,"REPSOL",0,589235,-0.275789099245828
2019-09-22,"EDP",0,1085289,-0.275789099245828
2019-09-22,"ENDESA",0,19666538,-0.275789099245828
2019-09-22,"IBERDROLA",0.598677185410415,21074760,-0.240013226000794
2019-09-22,"NATURGY",0.291276065134922,4177851,-0.258382964788849
2019-09-22,"REPSOL",0,589235,-0.275789099245828
2019-09-29,"EDP",0,1085289,-0.275789099245828
2019-09-29,"ENDESA",0.422185287517305,19666538,-0.250560064800858
2019-09-29,"IBERDROLA",0.393273327905039,21074760,-0.252287791575087
2019-09-29,"NATURGY",0,4177851,-0.275789099245828
2019-09-29,"REPSOL",0,589235,-0.275789099245828
2019-10-06,"EDP",0,1085289,-0.275789099245828
2019-10-06,"ENDESA",0.190054294253518,19666538,-0.264431796000295
2019-10-06,"IBERDROLA",0.233562612338171,21074760,-0.261831817062006
2019-10-06,"NATURGY",1.25181702267505,4177851,-0.200982762507779
2019-10-06,"REPSOL",0,589235,-0.275789099245828
2019-10-13,"EDP",0,1085289,-0.275789099245828
2019-10-13,"ENDESA",0.401146938012171,19666538,-0.25181727877781
2019-10-13,"IBERDROLA",0.388395787188087,21074760,-0.252579264647203
2019-10-13,"NATURGY",0.913287237864634,4177851,-0.221212694374556
2019-10-13,"REPSOL",0,589235,-0.275789099245828
2019-10-20,"EDP",0,1085289,-0.275789099245828
2019-10-20,"ENDESA",0.401146938012171,19666538,-0.25181727877781
2019-10-20,"IBERDROLA",0.151530361437093,21074760,-0.266733917028
2019-10-20,"NATURGY",0,4177851,-0.275789099245828
2019-10-20,"REPSOL",0,589235,-0.275789099245828
2019-10-27,"EDP",0,1085289,-0.275789099245828
2019-10-27,"ENDESA",1.22447916354165,19666538,-0.20261642386482
2019-10-27,"IBERDROLA",0.498523447004853,21074760,-0.245998233509903
2019-10-27,"NATURGY",1.25181702267505,4177851,-0.200982762507779
2019-10-27,"REPSOL",4,589235,-0.036756284120202
2019-11-03,"EDP",0,1085289,-0.275789099245828
2019-11-03,"ENDESA",0.823332225529475,19666538,-0.226588244332839
2019-11-03,"IBERDROLA",0.612270649819974,21074760,-0.239200904984512
2019-11-03,"NATURGY",0.66926489240521,4177851,-0.235795031421737
2019-11-03,"REPSOL",0,589235,-0.275789099245828
2019-11-10,"EDP",0,1085289,-0.275789099245828
2019-11-10,"ENDESA",0.357154268839793,19666538,-0.254446201667101
2019-11-10,"IBERDROLA",0.485356037269226,21074760,-0.246785094264158
2019-11-10,"NATURGY",0,4177851,-0.275789099245828
2019-11-10,"REPSOL",0,589235,-0.275789099245828
2019-11-17,"EDP",0,1085289,-0.275789099245828
2019-11-17,"ENDESA",0.781255526519207,19666538,-0.229102672286743
2019-11-17,"IBERDROLA",0.495607209761819,21074760,-0.246172502609347
2019-11-17,"NATURGY",0.291276065134922,4177851,-0.258382964788849
2019-11-17,"REPSOL",0,589235,-0.275789099245828
2019-11-24,"EDP",0,1085289,-0.275789099245828
2019-11-24,"ENDESA",0.401146938012171,19666538,-0.25181727877781
2019-11-24,"IBERDROLA",0.544803689342133,21074760,-0.243232609357259
2019-11-24,"NATURGY",0.66926489240521,4177851,-0.235795031421737
2019-11-24,"REPSOL",0,589235,-0.275789099245828
2019-12-01,"EDP",0,1085289,-0.275789099245828
2019-12-01,"ENDESA",0.190054294253518,19666538,-0.264431796000295
2019-12-01,"IBERDROLA",0.379164460235846,21074760,-0.253130912164388
2019-12-01,"NATURGY",0.0789180849197351,4177851,-0.271073096245157
2019-12-01,"REPSOL",0,589235,-0.275789099245828
2019-12-08,"EDP",0,1085289,-0.275789099245828
2019-12-08,"ENDESA",1.01338651978299,19666538,-0.215230941087306
2019-12-08,"IBERDROLA",0.626595747709582,21074760,-0.238344862865636
2019-12-08,"NATURGY",1.96054095754013,4177851,-0.158630693183351
2019-12-08,"REPSOL",0,589235,-0.275789099245828
2019-12-15,"EDP",0,1085289,-0.275789099245828
2019-12-15,"ENDESA",0.99234817027786,19666538,-0.216488155064258
2019-12-15,"IBERDROLA",0.791959766089863,21074760,-0.228463006157155
2019-12-15,"NATURGY",0.291276065134922,4177851,-0.258382964788849
2019-12-15,"REPSOL",0,589235,-0.275789099245828
2019-12-22,"EDP",4,1085289,-0.036756284120202
2019-12-22,"ENDESA",4.21157816388426,19666538,-0.0241127530871107
2019-12-22,"IBERDROLA",2.37213695434729,21074760,-0.134034455730538
2019-12-22,"NATURGY",1.66147021518958,4177851,-0.176502623549792
2019-12-22,"REPSOL",8,589235,0.202276531005424
2019-12-29,"EDP",4,1085289,-0.036756284120202
2019-12-29,"ENDESA",5.6191568897383,19666538,0.0600016232508475
2019-12-29,"IBERDROLA",9.36603932856175,21074760,0.283908587575033
2019-12-29,"NATURGY",8.78764201978481,4177851,0.249344603330524
2019-12-29,"REPSOL",4,589235,-0.036756284120202
2020-01-05,"EDP",4,1085289,-0.036756284120202
2020-01-05,"ENDESA",4.45229251838834,19666538,-0.00972809563754598
2020-01-05,"IBERDROLA",5.12127241306663,21074760,0.0302489412343029
2020-01-05,"NATURGY",5.41692128321474,4177851,0.0479163866643567
2020-01-05,"REPSOL",0,589235,-0.275789099245828
2020-01-12,"EDP",10,1085289,0.321792938568237
2020-01-12,"ENDESA",2.26870860544952,19666538,-0.140215148080745
2020-01-12,"IBERDROLA",2.5812108417842,21074760,-0.121540575759712
2020-01-12,"NATURGY",2.03945904245987,4177851,-0.153914690182679
2020-01-12,"REPSOL",0,589235,-0.275789099245828
2020-01-19,"EDP",4,1085289,-0.036756284120202
2020-01-19,"ENDESA",1.19041544068407,19666538,-0.204652010756897
2020-01-19,"IBERDROLA",1.74721005126512,21074760,-0.171378964953406
2020-01-19,"NATURGY",0.960540957540132,4177851,-0.218388896964758
2020-01-19,"REPSOL",0,589235,-0.275789099245828
2020-01-26,"EDP",4,1085289,-0.036756284120202
2020-01-26,"ENDESA",1.31042415802924,19666538,-0.197480505370239
2020-01-26,"IBERDROLA",1.5775301355745,21074760,-0.181518731932858
2020-01-26,"NATURGY",3.96833563475576,4177851,-0.038648489711076
2020-01-26,"REPSOL",0,589235,-0.275789099245828
2020-02-02,"EDP",6,1085289,0.0827601234426111
2020-02-02,"ENDESA",0.823332225529475,19666538,-0.226588244332839
2020-02-02,"IBERDROLA",0.988442335760882,21074760,-0.21672156071926
2020-02-02,"NATURGY",0.33073510759479,4177851,-0.256024963288514
2020-02-02,"REPSOL",0,589235,-0.275789099245828
2020-02-09,"EDP",0,1085289,-0.275789099245828
2020-02-09,"ENDESA",0.274083318579,19666538,-0.2594103724411
2020-02-09,"IBERDROLA",1.04041089910395,21074760,-0.213616012720778
2020-02-09,"NATURGY",0.291276065134922,4177851,-0.258382964788849
2020-02-09,"REPSOL",0,589235,-0.275789099245828
2020-02-16,"EDP",2,1085289,-0.156272691683015
2020-02-16,"ENDESA",0.823332225529475,19666538,-0.226588244332839
2020-02-16,"IBERDROLA",1.04371371251677,21074760,-0.213418642523803
2020-02-16,"NATURGY",0.622011172729712,4177851,-0.238618828831535
2020-02-16,"REPSOL",4,589235,-0.036756284120202
2020-02-23,"EDP",0,1085289,-0.275789099245828
2020-02-23,"ENDESA",0.638292489506796,19666538,-0.23764588658574
2020-02-23,"IBERDROLA",0.493844959563003,21074760,-0.246277811515842
2020-02-23,"NATURGY",0,4177851,-0.275789099245828
2020-02-23,"REPSOL",0,589235,-0.275789099245828
2020-03-01,"EDP",0,1085289,-0.275789099245828
2020-03-01,"ENDESA",0.802293876024341,19666538,-0.227845458309791
2020-03-01,"IBERDROLA",0.481351958456466,21074760,-0.247024370821808
2020-03-01,"NATURGY",0.291276065134922,4177851,-0.258382964788849
2020-03-01,"REPSOL",0,589235,-0.275789099245828
2020-03-08,"EDP",0,1085289,-0.275789099245828
2020-03-08,"ENDESA",0.318075987751377,19666538,-0.256781449551809
2020-03-08,"IBERDROLA",0.353246632464616,21074760,-0.254679714997912
2020-03-08,"NATURGY",0.582552130269844,4177851,-0.240976830331871
2020-03-08,"REPSOL",0,589235,-0.275789099245828
2020-03-15,"EDP",0,1085289,-0.275789099245828
2020-03-15,"ENDESA",0.190054294253518,19666538,-0.264431796000295
2020-03-15,"IBERDROLA",0.70919142139697,21074760,-0.233409093765963
2020-03-15,"NATURGY",0.66926489240521,4177851,-0.235795031421737
2020-03-15,"REPSOL",0,589235,-0.275789099245828
2020-03-22,"EDP",0,1085289,-0.275789099245828
2020-03-22,"ENDESA",1.08343209669134,19666538,-0.21104514322843
2020-03-22,"IBERDROLA",0.845472142980513,21074760,-0.225265202634096
2020-03-22,"NATURGY",1.33852978481042,4177851,-0.195800963597645
2020-03-22,"REPSOL",0,589235,-0.275789099245828
2020-03-29,"EDP",2,1085289,-0.156272691683015
2020-03-29,"ENDESA",1.01338651978299,19666538,-0.215230941087306
2020-03-29,"IBERDROLA",1.20129045360422,21074760,-0.204002139518689
2020-03-29,"NATURGY",1,4177851,-0.216030895464422
2020-03-29,"REPSOL",0,589235,-0.275789099245828
2020-04-05,"EDP",4,1085289,-0.036756284120202
2020-04-05,"ENDESA",0.781255526519207,19666538,-0.229102672286743
2020-04-05,"IBERDROLA",0.568021557540869,21074760,-0.241845151258069
2020-04-05,"NATURGY",0,4177851,-0.275789099245828
2020-04-05,"REPSOL",0,589235,-0.275789099245828
2020-04-12,"EDP",0,1085289,-0.275789099245828
2020-04-12,"ENDESA",0.401146938012171,19666538,-0.25181727877781
2020-04-12,"IBERDROLA",0.489288869719038,21074760,-0.246550075261184
2020-04-12,"NATURGY",0.0394590424598675,4177851,-0.273431097745492
2020-04-12,"REPSOL",0,589235,-0.275789099245828
2020-04-19,"EDP",0,1085289,-0.275789099245828
2020-04-19,"ENDESA",0.52916863151003,19666538,-0.244166932329324
2020-04-19,"IBERDROLA",0.881439527662474,21074760,-0.223115856330788
2020-04-19,"NATURGY",0.960540957540132,4177851,-0.218388896964758
2020-04-19,"REPSOL",0,589235,-0.275789099245828
2020-04-26,"EDP",0,1085289,-0.275789099245828
2020-04-26,"ENDESA",0.591201232265689,19666538,-0.240459975532277
2020-04-26,"IBERDROLA",0.994004320808398,21074760,-0.216389186483362
2020-04-26,"NATURGY",0.0789180849197351,4177851,-0.271073096245157
2020-04-26,"REPSOL",0,589235,-0.275789099245828
2020-05-03,"EDP",4,1085289,-0.036756284120202
2020-05-03,"ENDESA",0.612239581770823,19666538,-0.239202761555324
2020-05-03,"IBERDROLA",0.705293417339035,21074760,-0.233642031486798
2020-05-03,"NATURGY",0.291276065134922,4177851,-0.258382964788849
2020-05-03,"REPSOL",0,589235,-0.275789099245828
2020-05-10,"EDP",4,1085289,-0.036756284120202
2020-05-10,"ENDESA",0.591201232265689,19666538,-0.240459975532277
2020-05-10,"IBERDROLA",0.575462567545253,21074760,-0.241400489865888
2020-05-10,"NATURGY",0,4177851,-0.275789099245828
2020-05-10,"REPSOL",0,589235,-0.275789099245828
2020-05-17,"EDP",2,1085289,-0.156272691683015
2020-05-17,"ENDESA",0.21396668798545,19666538,-0.263002834302761
2020-05-17,"IBERDROLA",0.536623335212358,21074760,-0.24372145262635
2020-05-17,"NATURGY",1.25181702267505,4177851,-0.200982762507779
2020-05-17,"REPSOL",0,589235,-0.275789099245828
2020-05-24,"EDP",0,1085289,-0.275789099245828
2020-05-24,"ENDESA",0.59921420841838,19666538,-0.239981134470449
2020-05-24,"IBERDROLA",0.582659683906246,21074760,-0.240970403119749
2020-05-24,"NATURGY",0,4177851,-0.275789099245828
2020-05-24,"REPSOL",0,589235,-0.275789099245828
2020-05-31,"EDP",0,1085289,-0.275789099245828
2020-05-31,"ENDESA",0.388121564659728,19666538,-0.252595651692934
2020-05-31,"IBERDROLA",0.3514843822658,21074760,-0.254785023904407
2020-05-31,"NATURGY",0.291276065134922,4177851,-0.258382964788849
2020-05-31,"REPSOL",0,589235,-0.275789099245828
2020-06-07,"EDP",0,1085289,-0.275789099245828
2020-06-07,"ENDESA",0.211092643758652,19666538,-0.263174582023343
2020-06-07,"IBERDROLA",0.306363536287009,21074760,-0.257481364613197
2020-06-07,"NATURGY",1,4177851,-0.216030895464422
2020-06-07,"REPSOL",0,589235,-0.275789099245828
2020-06-14,"EDP",0,1085289,-0.275789099245828
2020-06-14,"ENDESA",0.612239581770823,19666538,-0.239202761555324
2020-06-14,"IBERDROLA",0.678083736184896,21074760,-0.235268033158034
2020-06-14,"NATURGY",1.37019415005466,4177851,-0.193908758006771
2020-06-14,"REPSOL",0,589235,-0.275789099245828
2020-06-21,"EDP",0,1085289,-0.275789099245828
2020-06-21,"ENDESA",0.297037638246243,19666538,-0.258038663528762
2020-06-21,"IBERDROLA",0.557455695818126,21074760,-0.242476548176023
2020-06-21,"NATURGY",0.370194150054657,4177851,-0.253666961788178
2020-06-21,"REPSOL",0,589235,-0.275789099245828
2020-06-28,"EDP",0,1085289,-0.275789099245828
2020-06-28,"ENDESA",0.802293876024341,19666538,-0.227845458309791
2020-06-28,"IBERDROLA",0.295616462536228,21074760,-0.25812359043645
2020-06-28,"NATURGY",0.291276065134922,4177851,-0.258382964788849
2020-06-28,"REPSOL",0,589235,-0.275789099245828
2020-07-05,"EDP",0,1085289,-0.275789099245828
2020-07-05,"ENDESA",0.401146938012171,19666538,-0.25181727877781
2020-07-05,"IBERDROLA",0.776968420992695,21074760,-0.229358862012429
2020-07-05,"NATURGY",0.582552130269844,4177851,-0.240976830331871
2020-07-05,"REPSOL",0,589235,-0.275789099245828
2020-07-12,"EDP",0,1085289,-0.275789099245828
2020-07-12,"ENDESA",0.211092643758652,19666538,-0.263174582023343
2020-07-12,"IBERDROLA",0.336632587986767,21074760,-0.255672540453453
2020-07-12,"NATURGY",1.25181702267505,4177851,-0.200982762507779
2020-07-12,"REPSOL",0,589235,-0.275789099245828
2020-07-19,"EDP",0,1085289,-0.275789099245828
2020-07-19,"ENDESA",0.612239581770823,19666538,-0.239202761555324
2020-07-19,"IBERDROLA",0.97909314269771,21074760,-0.217280251703521
2020-07-19,"NATURGY",0.291276065134922,4177851,-0.258382964788849
2020-07-19,"REPSOL",0,589235,-0.275789099245828
2020-07-26,"EDP",0,1085289,-0.275789099245828
2020-07-26,"ENDESA",0.21396668798545,19666538,-0.263002834302761
2020-07-26,"IBERDROLA",0.77555938952567,21074760,-0.22944306320197
2020-07-26,"NATURGY",0,4177851,-0.275789099245828
2020-07-26,"REPSOL",0,589235,-0.275789099245828
2020-08-02,"EDP",2,1085289,-0.156272691683015
2020-08-02,"ENDESA",0.633277931275957,19666538,-0.237945547578372
2020-08-02,"IBERDROLA",0.354434095572144,21074760,-0.25460875433555
2020-08-02,"NATURGY",1.25181702267505,4177851,-0.200982762507779
2020-08-02,"REPSOL",0,589235,-0.275789099245828
2020-08-09,"EDP",0,1085289,-0.275789099245828
2020-08-09,"ENDESA",0,19666538,-0.275789099245828
2020-08-09,"IBERDROLA",0.743259187767737,21074760,-0.231373265240801
2020-08-09,"NATURGY",0.33073510759479,4177851,-0.256024963288514
2020-08-09,"REPSOL",3,589235,-0.0965144879016086
2020-08-16,"EDP",0,1085289,-0.275789099245828
2020-08-16,"ENDESA",0,19666538,-0.275789099245828
2020-08-16,"IBERDROLA",0.568408133710657,21074760,-0.241822050160538
2020-08-16,"NATURGY",0.0394590424598675,4177851,-0.273431097745492
2020-08-16,"REPSOL",0,589235,-0.275789099245828
2020-08-23,"EDP",0,1085289,-0.275789099245828
2020-08-23,"ENDESA",0.823332225529475,19666538,-0.226588244332839
2020-08-23,"IBERDROLA",0.281361211230875,21074760,-0.25897545864891
2020-08-23,"NATURGY",0.291276065134922,4177851,-0.258382964788849
2020-08-23,"REPSOL",0,589235,-0.275789099245828
2020-08-30,"EDP",0,1085289,-0.275789099245828
2020-08-30,"ENDESA",0.0700455769083506,19666538,-0.271603301386953
2020-08-30,"IBERDROLA",0.532935748734505,21074760,-0.243941816170555
2020-08-30,"NATURGY",0.960540957540132,4177851,-0.218388896964758
2020-08-30,"REPSOL",0,589235,-0.275789099245828
2020-09-06,"EDP",0,1085289,-0.275789099245828
2020-09-06,"ENDESA",1.20344081403651,19666538,-0.203873637841773
2020-09-06,"IBERDROLA",0.233562612338171,21074760,-0.261831817062006
2020-09-06,"NATURGY",0.582552130269844,4177851,-0.240976830331871
2020-09-06,"REPSOL",0,589235,-0.275789099245828
2020-09-13,"EDP",0,1085289,-0.275789099245828
2020-09-13,"ENDESA",0.380108588507037,19666538,-0.253074492754762
2020-09-13,"IBERDROLA",0.998764754616423,21074760,-0.216104711509774
2020-09-13,"NATURGY",0.291276065134922,4177851,-0.258382964788849
2020-09-13,"REPSOL",0,589235,-0.275789099245828
2020-09-20,"EDP",0,1085289,-0.275789099245828
2020-09-20,"ENDESA",0.422185287517305,19666538,-0.250560064800858
2020-09-20,"IBERDROLA",0.502212836587463,21074760,-0.245777762215397
2020-09-20,"NATURGY",0.952746280324502,4177851,-0.21885469287422
2020-09-20,"REPSOL",0,589235,-0.275789099245828
2020-09-27,"EDP",0,1085289,-0.275789099245828
2020-09-27,"ENDESA",1.52952977794058,19666538,-0.184387147085926
2020-09-27,"IBERDROLA",0.280996841719668,21074760,-0.258997232716413
2020-09-27,"NATURGY",0.66926489240521,4177851,-0.235795031421737
2020-09-27,"REPSOL",0,589235,-0.275789099245828
2020-10-04,"EDP",0,1085289,-0.275789099245828
2020-10-04,"ENDESA",0,19666538,-0.275789099245828
2020-10-04,"IBERDROLA",0.16870184998548,21074760,-0.265707779716096
2020-10-04,"NATURGY",0.291276065134922,4177851,-0.258382964788849
2020-10-04,"REPSOL",0,589235,-0.275789099245828
2020-10-11,"EDP",0,1085289,-0.275789099245828
2020-10-11,"ENDESA",1.09513941904772,19666538,-0.210345534673323
2020-10-11,"IBERDROLA",0.383330723576449,21074760,-0.252881943750673
2020-10-11,"NATURGY",0.960540957540132,4177851,-0.218388896964758
2020-10-11,"REPSOL",0,589235,-0.275789099245828
2020-10-18,"EDP",0,1085289,-0.275789099245828
2020-10-18,"ENDESA",0.281138220667003,19666538,-0.258988784164468
2020-10-18,"IBERDROLA",1.03377110818818,21074760,-0.214012794699388
2020-10-18,"NATURGY",0.913287237864634,4177851,-0.221212694374556
2020-10-18,"REPSOL",0,589235,-0.275789099245828
2020-10-25,"EDP",0,1085289,-0.275789099245828
2020-10-25,"ENDESA",0.893377802437826,19666538,-0.222402446473964
2020-10-25,"IBERDROLA",0.493844959563003,21074760,-0.246277811515842
2020-10-25,"NATURGY",0,4177851,-0.275789099245828
2020-10-25,"REPSOL",4,589235,-0.036756284120202
2020-11-01,"EDP",0,1085289,-0.275789099245828
2020-11-01,"ENDESA",0.211092643758652,19666538,-0.263174582023343
2020-11-01,"IBERDROLA",0.803096666344006,21074760,-0.227797485002275
2020-11-01,"NATURGY",0.748182977324945,4177851,-0.231079028421065
2020-11-01,"REPSOL",0,589235,-0.275789099245828
2020-11-08,"EDP",2,1085289,-0.156272691683015
2020-11-08,"ENDESA",0.52916863151003,19666538,-0.244166932329324
2020-11-08,"IBERDROLA",0.737109983696137,21074760,-0.231740730630805
2020-11-08,"NATURGY",1,4177851,-0.216030895464422
2020-11-08,"REPSOL",0,589235,-0.275789099245828
2020-11-15,"EDP",0,1085289,-0.275789099245828
2020-11-15,"ENDESA",0.594075276492487,19666538,-0.240288227811695
2020-11-15,"IBERDROLA",0.694612939838935,21074760,-0.234280277637731
2020-11-15,"NATURGY",1.16510426053969,4177851,-0.206164561417913
2020-11-15,"REPSOL",0,589235,-0.275789099245828
2020-11-22,"EDP",0,1085289,-0.275789099245828
2020-11-22,"ENDESA",0.401146938012171,19666538,-0.25181727877781
2020-11-22,"IBERDROLA",0.686724261628602,21074760,-0.23475169087779
2020-11-22,"NATURGY",0.33073510759479,4177851,-0.256024963288514
2020-11-22,"REPSOL",0,589235,-0.275789099245828
2020-11-29,"EDP",0,1085289,-0.275789099245828
2020-11-29,"ENDESA",0.211092643758652,19666538,-0.263174582023343
2020-11-29,"IBERDROLA",0.694936170091617,21074760,-0.234260961978423
2020-11-29,"NATURGY",0,4177851,-0.275789099245828
2020-11-29,"REPSOL",3,589235,-0.0965144879016086
2020-12-06,"EDP",0,1085289,-0.275789099245828
2020-12-06,"ENDESA",0.401146938012171,19666538,-0.25181727877781
2020-12-06,"IBERDROLA",1.2159585684487,21074760,-0.203125599322723
2020-12-06,"NATURGY",1.20456330299956,4177851,-0.203806559917577
2020-12-06,"REPSOL",0,589235,-0.275789099245828
2020-12-13,"EDP",0,1085289,-0.275789099245828
2020-12-13,"ENDESA",1.01338651978299,19666538,-0.215230941087306
2020-12-13,"IBERDROLA",0.548106502754954,21074760,-0.243035239160284
2020-12-13,"NATURGY",0.33073510759479,4177851,-0.256024963288514
2020-12-13,"REPSOL",0,589235,-0.275789099245828
2020-12-20,"EDP",0,1085289,-0.275789099245828
2020-12-20,"ENDESA",0.644985253632337,19666538,-0.237245939023265
2020-12-20,"IBERDROLA",0.729342493105497,21074760,-0.232204901916391
2020-12-20,"NATURGY",1.7871154332694,4177851,-0.168994291003619
2020-12-20,"REPSOL",0,589235,-0.275789099245828
2020-12-27,"EDP",0,1085289,-0.275789099245828
2020-12-27,"ENDESA",1.01626056400979,19666538,-0.215059193366724
2020-12-27,"IBERDROLA",0.27457873778871,21074760,-0.259380767079009
2020-12-27,"NATURGY",0.873828195404767,4177851,-0.223570695874892
2020-12-27,"REPSOL",0,589235,-0.275789099245828
2021-01-03,"EDP",0,1085289,-0.275789099245828
2021-01-03,"ENDESA",0.806125994315827,19666538,-0.227616457804014
2021-01-03,"IBERDROLA",1.54930715699728,21074760,-0.183205286437993
2021-01-03,"NATURGY",0.960540957540132,4177851,-0.218388896964758
2021-01-03,"REPSOL",0,589235,-0.275789099245828
2021-01-10,"EDP",2,1085289,-0.156272691683015
2021-01-10,"ENDESA",1.42911482437834,19666538,-0.190387764343598
2021-01-10,"IBERDROLA",1.71674068886194,21074760,-0.173199759320984
2021-01-10,"NATURGY",2.91328723786463,4177851,-0.101696286811742
2021-01-10,"REPSOL",0,589235,-0.275789099245828
2021-01-17,"EDP",0,1085289,-0.275789099245828
2021-01-17,"ENDESA",1.06239374718621,19666538,-0.212302357205383
2021-01-17,"IBERDROLA",1.54725738276498,21074760,-0.183327777264273
2021-01-17,"NATURGY",0.33073510759479,4177851,-0.256024963288514
2021-01-17,"REPSOL",8,589235,0.202276531005424
2021-01-24,"EDP",0,1085289,-0.275789099245828
2021-01-24,"ENDESA",0.591201232265689,19666538,-0.240459975532277
2021-01-24,"IBERDROLA",1.41020901305638,21074760,-0.191517541669229
2021-01-24,"NATURGY",1.03945904245987,4177851,-0.213672893964086
2021-01-24,"REPSOL",4,589235,-0.036756284120202
2021-01-31,"EDP",2,1085289,-0.156272691683015
2021-01-31,"ENDESA",1.83671874531247,19666538,-0.166030086174316
2021-01-31,"IBERDROLA",1.87945684790716,21074760,-0.163476133930232
2021-01-31,"NATURGY",1,4177851,-0.216030895464422
2021-01-31,"REPSOL",0,589235,-0.275789099245828
2021-02-07,"EDP",2,1085289,-0.156272691683015
2021-02-07,"ENDESA",1.3724567587849,19666538,-0.193773548573192
2021-02-07,"IBERDROLA",1.83313655766424,21074760,-0.166244151273783
2021-02-07,"NATURGY",0.873828195404767,4177851,-0.223570695874892
2021-02-07,"REPSOL",0,589235,-0.275789099245828
2021-02-14,"EDP",2,1085289,-0.156272691683015
2021-02-14,"ENDESA",0.612239581770823,19666538,-0.239202761555324
2021-02-14,"IBERDROLA",1.11967106624227,21074760,-0.208879567501178
2021-02-14,"NATURGY",1.29127606513492,4177851,-0.198624761007443
2021-02-14,"REPSOL",0,589235,-0.275789099245828
2021-02-21,"EDP",0,1085289,-0.275789099245828
2021-02-21,"ENDESA",1.39349510829003,19666538,-0.19251633459624
2021-02-21,"IBERDROLA",1.0833319572797,21074760,-0.211051127379798
2021-02-21,"NATURGY",1.58255213026984,4177851,-0.181218626550464
2021-02-21,"REPSOL",0,589235,-0.275789099245828
2021-02-28,"EDP",0,1085289,-0.275789099245828
2021-02-28,"ENDESA",1.86946441717398,19666538,-0.164073263642257
2021-02-28,"IBERDROLA",1.75441233968975,21074760,-0.170948569134034
2021-02-28,"NATURGY",1.66926489240521,4177851,-0.17603682764033
2021-02-28,"REPSOL",0,589235,-0.275789099245828
2021-03-07,"EDP",0,1085289,-0.275789099245828
2021-03-07,"ENDESA",0.971309820772726,19666538,-0.21774536904121
2021-03-07,"IBERDROLA",1.57426215055355,21074760,-0.181714020847694
2021-03-07,"NATURGY",1.29127606513492,4177851,-0.198624761007443
2021-03-07,"REPSOL",4,589235,-0.036756284120202
2021-03-14,"EDP",0,1085289,-0.275789099245828
2021-03-14,"ENDESA",1.09741554410847,19666538,-0.210209517528111
2021-03-14,"IBERDROLA",0.578765380958075,21074760,-0.241203119668912
2021-03-14,"NATURGY",0.33073510759479,4177851,-0.256024963288514
2021-03-14,"REPSOL",0,589235,-0.275789099245828
2021-03-21,"EDP",0,1085289,-0.275789099245828
2021-03-21,"ENDESA",1.04613219164451,19666538,-0.213274118555246
2021-03-21,"IBERDROLA",0.93331734264115,21074760,-0.220015731291558
2021-03-21,"NATURGY",0.787642019784813,4177851,-0.228721026920729
2021-03-21,"REPSOL",0,589235,-0.275789099245828
2021-03-28,"EDP",2,1085289,-0.156272691683015
2021-03-28,"ENDESA",1.39349510829003,19666538,-0.19251633459624
2021-03-28,"IBERDROLA",1.5088097800402,21074760,-0.185625336942807
2021-03-28,"NATURGY",5.46417500289024,4177851,0.0507401840741546
2021-03-28,"REPSOL",0,589235,-0.275789099245828
2021-04-04,"EDP",0,1085289,-0.275789099245828
2021-04-04,"ENDESA",0.99043220011575,19666538,-0.216602649999645
2021-04-04,"IBERDROLA",1.91828376693258,21074760,-0.161155906990907
2021-04-04,"NATURGY",1.58255213026984,4177851,-0.181218626550464
2021-04-04,"REPSOL",0,589235,-0.275789099245828
2021-04-11,"EDP",2,1085289,-0.156272691683015
2021-04-11,"ENDESA",1.22735320776844,19666538,-0.202444676144239
2021-04-11,"IBERDROLA",0.83667178179016,21074760,-0.225791096411459
2021-04-11,"NATURGY",1.70872393486508,4177851,-0.173678826139994
2021-04-11,"REPSOL",0,589235,-0.275789099245828
2021-04-18,"EDP",2,1085289,-0.156272691683015
2021-04-18,"ENDESA",0.781255526519207,19666538,-0.229102672286743
2021-04-18,"IBERDROLA",1.93884926803437,21074760,-0.1599269495852
2021-04-18,"NATURGY",1.66926489240521,4177851,-0.17603682764033
2021-04-18,"REPSOL",4,589235,-0.036756284120202
2021-04-25,"EDP",0,1085289,-0.275789099245828
2021-04-25,"ENDESA",1.01913460823659,19666538,-0.214887445646142
2021-04-25,"IBERDROLA",1.41202813223021,21074760,-0.191408834374936
2021-04-25,"NATURGY",3.08618617561995,4177851,-0.0913641568557713
2021-04-25,"REPSOL",0,589235,-0.275789099245828
2021-05-02,"EDP",2,1085289,-0.156272691683015
2021-05-02,"ENDESA",4.3544189882327,19666538,-0.0155768419973923
2021-05-02,"IBERDROLA",4.52272135008892,21074760,-0.00551939516069632
2021-05-02,"NATURGY",2.74038830010931,4177851,-0.112028416767714
2021-05-02,"REPSOL",0,589235,-0.275789099245828
2021-05-09,"EDP",8,1085289,0.202276531005424
2021-05-09,"ENDESA",3.77720003388497,19666538,-0.0500704098977947
2021-05-09,"IBERDROLA",6.43534303593493,21074760,0.108775441298827
2021-05-09,"NATURGY",4.45638032567461,4177851,-0.00948381561671393
2021-05-09,"REPSOL",0,589235,-0.275789099245828
2021-05-16,"EDP",12,1085289,0.441309346131051
2021-05-16,"ENDESA",6.83312141669266,19666538,0.132545962835985
2021-05-16,"IBERDROLA",7.66034227673293,21074760,0.181979195562502
2021-05-16,"NATURGY",6.20508988951497,4177851,0.0950159268537528
2021-05-16,"REPSOL",0,589235,-0.275789099245828
2021-05-23,"EDP",17,1085289,0.740100365038084
2021-05-23,"ENDESA",22.0157358402379,19666538,1.03983172949272
2021-05-23,"IBERDROLA",23.5400581074233,21074760,1.13092249016372
2021-05-23,"NATURGY",20.8976978834334,4177851,0.973019789434652
2021-05-23,"REPSOL",8,589235,0.202276531005424
2021-05-30,"EDP",160,1085289,9.28552350577923
2021-05-30,"ENDESA",229.087274867595,19666538,13.414054956019
2021-05-30,"IBERDROLA",214.050029324177,21074760,12.5154561725244
2021-05-30,"NATURGY",181.078350568271,4177851,10.5451278744139
2021-05-30,"REPSOL",178,589235,10.3611711738445
2021-06-06,"EDP",93,1085289,5.28172385242498
2021-06-06,"ENDESA",110.940081014767,19666538,6.35379086956039
2021-06-06,"IBERDROLA",91.6025436588602,21074760,5.19821437161553
2021-06-06,"NATURGY",79.8883643768052,4177851,4.49819605894656
2021-06-06,"REPSOL",41,589235,2.17429725579184
2021-06-13,"EDP",42,1085289,2.23405545957325
2021-06-13,"ENDESA",65.2468895643961,19666538,3.62324782344629
2021-06-13,"IBERDROLA",54.1895586948558,21074760,2.96248159206586
2021-06-13,"NATURGY",42.9371569258932,4177851,2.29005827412593
2021-06-13,"REPSOL",31,589235,1.57671521797778
2021-06-20,"EDP",34,1085289,1.755989829322
2021-06-20,"ENDESA",41.0597887640417,19666538,2.17787012493729
2021-06-20,"IBERDROLA",38.1096645465951,21074760,2.00157600077065
2021-06-20,"NATURGY",33.2040367164841,4177851,1.70842449322314
2021-06-20,"REPSOL",31,589235,1.57671521797778
2021-06-27,"EDP",20,1085289,0.919374976382303
2021-06-27,"ENDESA",30.5489881086341,19666538,1.54976355746569
2021-06-27,"IBERDROLA",31.5471571206505,21074760,1.60941234469406
2021-06-27,"NATURGY",33.8520239233041,4177851,1.74714704477603
2021-06-27,"REPSOL",8,589235,0.202276531005424
2021-07-04,"EDP",30,1085289,1.51695701419637
2021-07-04,"ENDESA",34.3322907163427,19666538,1.77584692566387
2021-07-04,"IBERDROLA",26.4865783999438,21074760,1.30700125025022
2021-07-04,"NATURGY",27.8343691529449,4177851,1.38754280472275
2021-07-04,"REPSOL",19,589235,0.859616772600897
2021-07-11,"EDP",16,1085289,0.680342161256677
2021-07-11,"ENDESA",27.1567004573962,19666538,1.34704654071787
2021-07-11,"IBERDROLA",22.7172330313607,21074760,1.08175194159193
2021-07-11,"NATURGY",20.1251186315644,4177851,0.92685184106418
2021-07-11,"REPSOL",11,589235,0.381551142349644
2021-07-18,"EDP",23,1085289,1.09864958772652
2021-07-18,"ENDESA",33.4150100287097,19666538,1.72103187940755
2021-07-18,"IBERDROLA",28.3595277953343,21074760,1.41892534189222
2021-07-18,"NATURGY",27.7481829773249,4177851,1.38239247367691
2021-07-18,"REPSOL",4,589235,-0.036756284120202
2021-07-25,"EDP",8,1085289,0.202276531005424
2021-07-25,"ENDESA",21.0621692033443,19666538,0.982848300086085
2021-07-25,"IBERDROLA",20.6404269372463,21074760,0.957645739805367
2021-07-25,"NATURGY",21.0789180849197,4177851,0.983849183164382
2021-07-25,"REPSOL",10,589235,0.321792938568237
2021-08-01,"EDP",15,1085289,0.62058395747527
2021-08-01,"ENDESA",21.7291260668248,19666538,1.02270444424736
2021-08-01,"IBERDROLA",20.7233706101517,21074760,0.962602304713227
2021-08-01,"NATURGY",20.1972952122993,4177851,0.931164983883983
2021-08-01,"REPSOL",23,589235,1.09864958772652
2021-08-08,"EDP",34,1085289,1.755989829322
2021-08-08,"ENDESA",28.8705337207799,19666538,1.44946213811851
2021-08-08,"IBERDROLA",31.9678480324331,21074760,1.63455207792935
2021-08-08,"NATURGY",31.338003198295,4177851,1.59691368198026
2021-08-08,"REPSOL",17,589235,0.740100365038084
2021-08-15,"EDP",29,1085289,1.45719881041496
2021-08-15,"ENDESA",30.3002704899052,19666538,1.53490063932167
2021-08-15,"IBERDROLA",23.0671577754622,21074760,1.1026628157581
2021-08-15,"NATURGY",19.0633287304885,4177851,0.863401183782645
2021-08-15,"REPSOL",15,589235,0.62058395747527
2021-08-22,"EDP",24,1085289,1.15840779150793
2021-08-22,"ENDESA",23.337446021257,19666538,1.11881475583002
2021-08-22,"IBERDROLA",23.8224199468938,21074760,1.1477959265069
2021-08-22,"NATURGY",17.6380861835427,4177851,0.778231249224327
2021-08-22,"REPSOL",19,589235,0.859616772600897
2021-08-29,"EDP",27,1085289,1.33768240285215
2021-08-29,"ENDESA",28.5175062586003,19666538,1.42836585109314
2021-08-29,"IBERDROLA",25.401449601324,21074760,1.24215590237322
2021-08-29,"NATURGY",30.0789180849197,4177851,1.52167301719704
2021-08-29,"REPSOL",21,589235,0.97913318016371
2021-09-05,"EDP",19,1085289,0.859616772600897
2021-09-05,"ENDESA",25.4449253091724,19666538,1.24475393258236
2021-09-05,"IBERDROLA",24.6223595428845,21074760,1.19559887989692
2021-09-05,"NATURGY",26.5503611785102,4177851,1.31081279452953
2021-09-05,"REPSOL",12,589235,0.441309346131051
2021-09-12,"EDP",18,1085289,0.79985856881949
2021-09-12,"ENDESA",25.8430516087783,19666538,1.26854524512495
2021-09-12,"IBERDROLA",24.3489966196531,21074760,1.17926320262418
2021-09-12,"NATURGY",27.9678090482404,4177851,1.39551693317839
2021-09-12,"REPSOL",31,589235,1.57671521797778
2021-09-19,"EDP",13,1085289,0.501067549912457
2021-09-19,"ENDESA",18.469847667139,19666538,0.8279358214586
2021-09-19,"IBERDROLA",18.341906384699,21074760,0.8202902802305
2021-09-19,"NATURGY",18.9605409575401,4177851,0.857258771100561
2021-09-19,"REPSOL",13,589235,0.501067549912457
2021-09-26,"EDP",19,1085289,0.859616772600897
2021-09-26,"ENDESA",20.579688936609,19666538,0.954016145986009
2021-09-26,"IBERDROLA",19.6810859056046,21074760,0.900317242940661
2021-09-26,"NATURGY",20.4880446909188,4177851,0.948539650476665
2021-09-26,"REPSOL",8,589235,0.202276531005424
2021-10-03,"EDP",23,1085289,1.09864958772652
2021-10-03,"ENDESA",22.4819681277915,19666538,1.06769293354182
2021-10-03,"IBERDROLA",19.8548113477923,21074760,0.91069876331693
2021-10-03,"NATURGY",15.2279064045128,4177851,0.634203234839231
2021-10-03,"REPSOL",17,589235,0.740100365038084
2021-10-10,"EDP",12,1085289,0.441309346131051
2021-10-10,"ENDESA",20.7715895395519,19666538,0.965483781322448
2021-10-10,"IBERDROLA",21.4817201714278,21074760,1.00791991233351
2021-10-10,"NATURGY",19.8343691529449,4177851,0.909477174471498
2021-10-10,"REPSOL",10,589235,0.321792938568237
2021-10-17,"EDP",11,1085289,0.381551142349644
2021-10-17,"ENDESA",21.6862280743057,19666538,1.02014093726859
2021-10-17,"IBERDROLA",19.0980300606033,21074760,0.865474872939132
2021-10-17,"NATURGY",23.1495558362421,4177851,1.10758677586538
2021-10-17,"REPSOL",13,589235,0.501067549912457
2021-10-24,"EDP",16,1085289,0.680342161256677
2021-10-24,"ENDESA",36.7978752538957,19666538,1.92318582889925
2021-10-24,"IBERDROLA",32.1499206633907,21074760,1.64543241131313
2021-10-24,"NATURGY",34.9838840590533,4177851,1.81478497342018
2021-10-24,"REPSOL",32,589235,1.63647342175918
2021-10-31,"EDP",30,1085289,1.51695701419637
2021-10-31,"ENDESA",30.9147353743704,19666538,1.57161995710406
2021-10-31,"IBERDROLA",27.9890946800818,21074760,1.39678892430358
2021-10-31,"NATURGY",34.5109021360503,4177851,1.78652042328045
2021-10-31,"REPSOL",39,589235,2.05478084822903
